{
  "config": {
    "items": [
      {
        "infra": {
          "name": "rfsoc2x2",
          "display": "Zynq UltraScale+ RFSoC 2x2 Development Board",
          "revision": "1.1",
          "description": "Zynq UltraScale+ RFSoC 2x2 Development Board",
          "company": "xilinx.com",
          "company_display": "Xilinx",
          "author": "parimalp",
          "contributors": [
            {
              "group": "Xilinx",
              "url": "www.xilinx.com"
            }
          ],
          "category": "Single Part",
          "website": "www.xilinx.com/support/university/boards-portfolio/xup-boards/RFSoC2x2.html",
          "logo": "rfsoc2x2_board.png",
          "search-keywords": [
            "rfsoc2x2",
            "xilinx.com",
            "board",
            "Single Part"
          ]
        }
      }
    ]
  },
  "_major": 1,
  "_minor": 0
}